Date,Sleep,Activity Type,Activity Duration,TSS,Weight,HRV,Steps,Cals_burnt,Cals,Carbs,Fats,Protein,Sensation
22/05/2017,7.1,"Swim, Run",125,154,87.7,,13894,4600,3600,481,102,135,7
23/05/2017,6.3,Swim,45,78,,,12739,3459,3700,413,100,75,4
24/05/2017,6.7,,,0,,,3324,2629,2210,305,42,75,8
25/05/2017,7.6,"Swim, Gym",142,155,,,11532,4327,4580,392,89,175,7
26/05/2017,8.7,Run,68,60,,,10479,3363,3590,510,61,80,9
27/05/2017,6.5,"Run, Bike",95,61,87.5,,5475,2292,2220,402,62,80,4
28/05/2017,8.1,Gym,60,67,,,10950,3387,3480,425,73,70,5
29/05/2017,8,Swim,60,50,,,13037,3579,3640,390,75,80,8
30/05/2017,8.1,"Swim, Run",95,71,,,8774,3081,2770,139,32,75,7
31/05/2017,6.3,Run,65,73,,,11631,3249,2980,330,59,75,4
01/06/2017,7.5,"Swim, Run",60,52,87.2,,8088,2778,2690,394,65,80,7
02/06/2017,7.6,,,0,,,4146,2387,1360,510,68,75,7
03/06/2017,7.8,"Bike, Gym",83,60,,,5871,2541,2540,551,90,70,7
04/06/2017,8.7,"Run, Gym",78,86,87.1,,9523,3372,2920,226,40,80,8
05/06/2017,7.9,Swim,60,75,,,13971,3858,4080,358,70,75,8
06/06/2017,8.1,"Swim, Gym",60,57,,,13369,3684,3870,393,53,75,8
07/06/2017,6.6,,,0,,,4521,2294,1640,245,38,70,4
08/06/2017,6.5,"Swim, Gym",60,69,86.9,,13113,3486,3330,384,76,80,4
09/06/2017,7,Run,117,81,,,9412,4078,2810,271,59,80,6
10/06/2017,6.7,"Run, Bike",111,64,,,3552,3046,2130,375,69,80,4
11/06/2017,8,Gym,60,49,,,13719,3675,3270,237,40,80,7
12/06/2017,6.9,Swim,60,69,,,11101,3246,2640,376,78,80,4
13/06/2017,7.3,Swim,45,68,,,11047,3294,3260,,,80,8
14/06/2017,8.8,,,0,86.6,,4785,2160,2020,,,80,8
15/06/2017,8.3,"Swim, Run",60,56,,,12797,3627,3500,,,75,9
16/06/2017,8.9,"Run, Gym",62,92,,,10602,3603,3540,,,75,10
17/06/2017,7.1,"Run, Gym",95,72,,,3019,2073,1680,,,80,6
18/06/2017,7.1,Run,69,93,,,10569,3336,3400,,,80,7
19/06/2017,6.3,"Swim, Gym",60,68,,,13386,3495,3030,,,80,4
20/06/2017,7.6,Swim,60,80,86.3,,13076,3714,3880,,,70,8
21/06/2017,8.5,Gym,60,68,,,13637,3855,3550,,,80,9
22/06/2017,6.9,"Swim, Run",60,65,,,12868,3480,3360,,,75,4
23/06/2017,8.8,Run,32,79,,,14694,4128,4280,,,80,9
24/06/2017,8.2,Bike,240,341,,,3217,5682,5370,,,180,5
25/06/2017,8.8,,,0,86.1,,6058,2355,2000,,,75,10
26/06/2017,7.9,Swim,60,80,,,10209,3321,3130,,,75,8
27/06/2017,6.4,"Swim, Run",60,66,,,12056,3288,2690,,,75,4
28/06/2017,6.1,Run,95,83,,,11850,3321,3190,,,75,5
29/06/2017,7.4,Swim,60,56,,,10573,3156,2900,,,80,8
30/06/2017,8.9,,,0,,,6655,2463,2180,,,75,8
01/07/2017,8.6,"Bike, Gym",216,308,,,6092,5973,6010,,,120,10
02/07/2017,6.7,Gym,60,70,,,10178,3075,2980,,,75,6
03/07/2017,6.5,Swim,60,52,85.8,,12764,3327,3440,,,80,5
04/07/2017,7.1,Swim,60,55,,,13882,3603,3670,,,75,6
05/07/2017,,,,0,,,,,,,,80,
06/07/2017,7.7,"Swim, Gym",60,61,,,11671,3399,2970,,,80,8
07/07/2017,8.9,,,0,,,6504,2430,2090,,,75,10
08/07/2017,8.5,Bike,238,272,,,6322,5784,5620,,,135,9
09/07/2017,7.9,,,0,,,5555,2139,2310,,,80,8
10/07/2017,8,"Swim, Gym",60,58,85.8,,10756,3288,3500,,,75,8
11/07/2017,8.5,"Swim, Run",60,59,,,11728,3516,3300,,,75,9
12/07/2017,7.6,Run,20,30,,,10282,3174,3220,,,80,7
13/07/2017,8.7,"Swim, Run",60,68,,,12856,3771,3400,,,80,8
14/07/2017,8.5,"Run, Gym",62,71,,,13400,3834,3760,,,75,10
15/07/2017,6.6,"Run, Gym",77,84,,,4044,2229,2420,,,75,6
16/07/2017,8.1,"Run, Gym",76,65,85.8,,13547,3759,3300,,,80,7
17/07/2017,6.3,"Swim, Run",60,57,,,12574,3300,3180,,,80,4
18/07/2017,7.2,"Swim, Run",60,71,,,11034,3288,3000,717,150,75,8
19/07/2017,7.4,Gym,60,58,,,10429,3153,2790,243,41,75,8
20/07/2017,7.3,"Swim, Run",62,59,85.4,,9897,3057,3040,385,66,80,5
21/07/2017,7,Gym,60,59,,,13849,3606,3330,454,73,80,7
22/07/2017,7.5,"Run, Bike",103,100,,,3538,3388,2200,322,68,125,8
23/07/2017,8.2,Run,60,99,,,8721,3258,3140,510,76,120,4
24/07/2017,8.4,"Swim, Run",60,69,85.4,,14446,3972,3540,517,92,80,10
25/07/2017,7.5,Swim,60,60,,,11686,3369,2840,357,48,80,8
26/07/2017,7.9,Run,30,94,,,9708,3327,3140,421,81,80,7
27/07/2017,6.1,"Swim, Gym",60,75,,,12402,3348,3380,390,64,75,4
28/07/2017,6,,,0,,46,6556,2013,1940,443,80,80,5
29/07/2017,7.8,"Run, Bike",94,75,,58,3325,2241,2430,384,68,80,7
30/07/2017,6.4,,,0,,51,5462,2411,2040,403,81,80,4
31/07/2017,6.9,"Swim, Run",63,73,85.4,50,9872,3075,2870,350,85,80,5
01/08/2017,6.7,"Swim, Run",84,53,,57,12309,3297,3340,292,59,80,6
02/08/2017,8.8,,,0,,46,4322,2091,1690,361,80,70,10
03/08/2017,6.4,"Swim, Run",60,70,,57,12135,3327,2900,513,59,70,2
04/08/2017,7.3,Run,42,38,85.3,52,11536,3321,3290,305,79,80,7
05/08/2017,7.9,"Run, Bike",105,100,,58,4715,3619,2430,345,73,170,8
06/08/2017,8,,,0,,51,6941,2370,1810,,,80,8
07/08/2017,6.3,Swim,67,72,85.3,59,10282,3048,2810,,,80,4
08/08/2017,9,Swim,45,52,,40,13638,3825,4090,,,75,10
09/08/2017,7.3,,,0,,48,5562,2058,2070,,,75,8
10/08/2017,6.4,"Swim, Run",60,80,,53,13953,3666,3600,,,70,10
11/08/2017,7.5,Gym,45,66,85.4,49,11659,3393,3240,,,70,7
12/08/2017,6.5,"Run, Bike",87,62,,34,4483,2148,1950,,,80,4
13/08/2017,8.7,Gym,60,62,,32,12164,3630,3870,,,70,10
14/08/2017,7.5,"Swim, Run",60,72,,47,9972,3180,2630,,,75,10
15/08/2017,7.6,Swim,60,66,,30,11759,3423,2930,,,75,7
16/08/2017,,Run,42,38,,30,,,,,,75,
17/08/2017,7.9,"Swim, Run",60,54,,37,13500,3663,3890,465,79,75,8
18/08/2017,6.6,,,0,85.4,52,4407,2782,1570,238,34,75,4
19/08/2017,7.1,"Run, Bike",76,97,,56,5455,2592,2710,249,43,100,6
20/08/2017,6.6,Run,111,64,,47,13083,4456,3230,255,54,80,5
21/08/2017,7.3,"Swim, Run",63,53,85.4,32,12301,3378,3550,309,54,75,5
22/08/2017,6.7,"Swim, Run",85,74,,38,13376,3582,3330,443,82,70,4
23/08/2017,7.9,Run,30,99,,55,8950,3243,3230,186,34,110,8
24/08/2017,7.3,"Swim, Run",60,55,85.4,52,10785,3162,3440,435,61,80,6
25/08/2017,7.4,Run,42,43,,51,10882,3252,3490,428,91,75,7
26/08/2017,6.5,Bike,185,184,,40,3263,5091,5210,249,49,115,7
27/08/2017,8.6,Gym,60,52,,83,12302,3573,3730,222,38,75,10
28/08/2017,9,Swim,45,60,85.4,33,10450,3402,3170,316,69,75,10
29/08/2017,8.6,Swim,60,59,,59,11873,3552,3290,603,86,70,8
30/08/2017,7.1,Run,90,99,,58,10847,3405,3090,217,46,140,6
31/08/2017,6.7,"Swim, Run",65,56,,35,9252,2859,2550,513,76,80,4
01/09/2017,8.7,,,0,,35,4929,2166,1690,348,61,80,9
02/09/2017,7.4,Bike,190,290,85.4,60,3221,5256,5410,244,52,175,8
03/09/2017,8.7,,,0,85.5,46,4608,2118,2280,387,95,75,10
04/09/2017,8.7,"Swim, Run",95,51,,45,9717,3192,3430,270,58,75,10
05/09/2017,8.4,Swim,60,59,,46,11935,3531,3080,,,,8
06/09/2017,7.5,,,0,,34,6715,2259,2160,,,,8
07/09/2017,8.1,"Swim, Run",60,59,,35,9035,3048,2730,,,,7
08/09/2017,8.5,Gym,60,54,85.4,57,11638,3477,3270,,,,9
09/09/2017,6.1,"Run, Bike",84,91,,59,4027,2196,1980,,,,4
10/09/2017,7,,,0,,74,6286,2115,2030,,,,7
11/09/2017,7.6,"Swim, Gym",62,67,,56,10667,3261,2670,,,,7
12/09/2017,7.2,"Swim, Gym",65,52,85.9,49,13877,3603,3530,,,,6
13/09/2017,7.1,,,0,,32,5704,2049,1990,,,,8
14/09/2017,7.3,"Swim, Run",60,61,85.9,52,8632,2883,3100,,,,7
15/09/2017,8.5,Run,45,54,,40,13072,3777,3760,,,,10
16/09/2017,7,"Run, Bike",118,67,,37,4406,3232,2140,,,,7
17/09/2017,7.3,Run,42,36,,39,8763,3105,3090,,,,7
18/09/2017,8.1,"Swim, Gym",60,69,,49,12390,3612,3400,,,,8
19/09/2017,6.9,"Swim, Run",60,65,86.7,46,12700,3462,3210,,,,4
20/09/2017,8.6,,,0,,43,3360,2426,1360,,,,10
21/09/2017,8.7,"Swim, Run",60,53,86.7,59,13188,3732,3740,,,,8
22/09/2017,6.1,,,0,,46,3349,2548,1740,,,,5
23/09/2017,8.5,Bike,124,159,,59,6039,3664,2460,,,,9
24/09/2017,6.8,"Run, Gym",105,78,85.9,42,10311,4165,3020,,,,5
25/09/2017,7,"Swim, Run",62,74,85.9,40,13913,3702,3300,,,,7
26/09/2017,8.2,"Swim, Run",85,64,,38,8156,2958,2520,,,,8
27/09/2017,8.3,,,0,,43,4151,2498,2120,,,,9
28/09/2017,7.6,"Swim, Gym",60,73,,56,10786,3324,3030,,,,6
29/09/2017,8.3,Gym,60,49,,49,10652,3258,3370,,,,8
30/09/2017,7.5,Bike,140,113,85.9,35,3472,4445,3470,,,,8
01/10/2017,8.4,Run,60,65,,34,12948,3711,3870,,,,5
02/10/2017,6.5,"Swim, Run",60,63,86.2,42,12192,3312,3280,,,,5
03/10/2017,7.2,"Swim, Run",60,60,,50,10246,3099,2590,,,,6
04/10/2017,7.3,Run,42,32,,53,10002,3177,3300,,,,7
05/10/2017,7.5,"Swim, Run",60,67,,38,12727,3567,3260,,,,7
06/10/2017,7.1,,,0,,37,6615,2187,2040,,,,8
07/10/2017,6.5,Bike,240,320,86.2,45,6164,5745,6220,,,,5
08/10/2017,6.9,Run,119,63,,85,8403,3796,2560,,,,8
09/10/2017,7.6,"Swim, Run",60,80,,48,10512,3324,3510,,,,6
10/10/2017,6.8,"Swim, Run",60,55,,59,12997,3417,2880,,,,7
11/10/2017,7.2,,,0,,35,4992,2453,1770,,,,6
12/10/2017,7.3,"Swim, Gym",231,259,86.3,30,13076,6531,6630,,,,8
13/10/2017,8.9,Run,45,50,,45,10339,3405,3330,,,,9
14/10/2017,6.9,"Bike, Gym",220,304,,38,3659,5340,5770,,,,7
15/10/2017,8.4,,,0,,65,4513,2058,1940,,,,10
16/10/2017,7.1,"Swim, Gym",60,73,,37,12468,3498,2940,,,,7
17/10/2017,7.8,Swim,60,66,,51,13702,3744,3300,,,,8
18/10/2017,8.8,Run,45,54,86.9,53,14916,4230,4070,,,,9
19/10/2017,6.8,"Swim, Run",60,59,,58,11355,3207,3450,,,,8
20/10/2017,7.9,Gym,60,47,,56,12637,3483,3100,,,,7
21/10/2017,7,Bike,120,192,,60,4873,3460,2030,,,,7
22/10/2017,8.1,Run,32,95,86.2,56,10738,3516,3050,,,,9
23/10/2017,8,Swim,45,50,,33,12508,3510,3290,,,,8
24/10/2017,8.2,"Swim, Run",90,76,,36,13941,3903,3460,,,,6
25/10/2017,8.3,Run,32,79,,,9250,3240,3190,,,,8
26/10/2017,8.4,Swim,60,71,86.3,,13286,3804,4030,,,,8
27/10/2017,7,,,0,86.4,,3294,2674,1960,,,,6
28/10/2017,,"Swim, Gym",108,87,,,,,,,,,
29/10/2017,,"Run, Gym",98,80,,,,,,,,,
30/10/2017,,"Swim, Run",95,65,,,,,,,,,
31/10/2017,8.5,"Swim, Run",75,58,86.7,,12240,3588,3460,,,,8
01/11/2017,6.5,Run,99,61,,,13587,3504,3450,,,,4
02/11/2017,7.2,Swim,60,57,,,10896,3180,2690,,,,7
03/11/2017,8.9,Run,45,52,,,8454,3330,3010,,,,10
04/11/2017,6.2,"Run, Bike",87,90,,,4780,2352,2560,,,,4
05/11/2017,8.2,,,88,,,3788,2420,2990,,,,5
06/11/2017,8.2,"Swim, Gym",60,65,87,,11298,3519,3440,,,,7
07/11/2017,8.8,"Swim, Run",60,63,,,10154,3270,3340,,,,8
08/11/2017,6.1,,,71,,,4183,2668,2120,,,,4
09/11/2017,6.6,"Swim, Run",60,68,87.1,,9151,2901,2610,,,,4
10/11/2017,7.2,Run,36,41,,,13067,3600,3580,,,,6
11/11/2017,7.5,"Run, Bike",92,90,,,6093,2538,2950,,,,6
12/11/2017,6.6,,,88,87.2,,7000,2172,2990,,,,5
13/11/2017,6.4,"Swim, Run",60,65,,,13452,3510,3780,,,,2
14/11/2017,8.7,Swim,60,63,87.3,,13417,3801,3580,,,,10
15/11/2017,8.3,Run,60,99,,,12506,3849,3570,,,,9
16/11/2017,8.5,"Swim, Run",60,50,87.5,,8237,2937,3520,,,,10
17/11/2017,7,Run,63,64,,,8434,2829,3040,,,,8
18/11/2017,8.5,Bike,180,163,,,3883,5361,5620,,,,9
19/11/2017,8.2,Run,60,64,87.6,,9377,3153,3420,,,,8
20/11/2017,7.3,"Swim, Gym",60,90,87.6,,12388,3483,2900,,,,6
21/11/2017,7.3,"Swim, Run",60,88,,,9970,3198,2830,,,,7
22/11/2017,7.9,,,65,,,5271,2100,2200,,,,8
23/11/2017,7.7,Swim,62,63,87.8,,13888,3693,3920,,,,8
24/11/2017,8.7,"Run, Gym",82,71,,,8607,3231,3270,,,,9
25/11/2017,7.8,Bike,297,360,,,4256,6304,6780,,,,8
26/11/2017,7.9,Run,32,87,,,11960,3636,3150,,,,8
27/11/2017,8.8,"Swim, Run",60,90,88,,10363,3432,3590,,,,9
28/11/2017,8.1,"Swim, Gym",75,88,88,,14619,3876,3670,,,,5
29/11/2017,7.4,,,65,,,3990,2336,1730,,,,6
30/11/2017,8.8,"Swim, Gym",75,63,,,11841,3519,3160,,,,9
01/12/2017,8.7,,,71,88.2,,5800,2301,2050,,,,8
02/12/2017,6.8,"Run, Bike",85,81,,,6345,2583,2680,,,,4
03/12/2017,7.6,Run,20,24,,,13649,3912,4120,,,,8
04/12/2017,8,"Swim, Run",60,59,,,14112,3795,3220,,,,8
05/12/2017,8.2,"Swim, Run",60,70,,,13848,3864,3390,,,,6
06/12/2017,8.4,,,0,88.5,,5180,2169,2250,,,,10
07/12/2017,7.1,"Swim, Run",60,53,88.5,,11295,3213,3360,,,,10
08/12/2017,6,,,0,,,5761,2396,2550,,,,3
09/12/2017,8.3,Bike,165,123,,,5414,4928,3880,,,,8
10/12/2017,8,Run,32,99,,,11760,3684,3760,,,,8
11/12/2017,8.1,Swim,60,70,88.7,,12595,3251,3510,,,,8
12/12/2017,7.8,Swim,60,77,,,12969,3708,3270,,,,7
13/12/2017,7.7,,,0,88.8,,6462,2259,1680,,,,8
14/12/2017,8.8,"Swim, Run",60,63,,,12342,3684,3780,,,,10
15/12/2017,6.9,Run,103,72,,,13360,4594,3340,,,,3
16/12/2017,8.1,"Run, Bike",117,79,88.9,,4804,3538,2790,,,,8
17/12/2017,8.9,Run,32,73,,,10345,3459,3180,,,,10
18/12/2017,6.8,"Swim, Run",60,62,,,10561,3108,3270,,,,3
19/12/2017,8.5,"Swim, Gym",60,74,89.1,,12601,3735,3910,,,,10
20/12/2017,7,,,0,,,5670,2025,2300,,,,8
21/12/2017,7.8,Swim,60,71,,,11469,3453,2960,,,,8
22/12/2017,6.7,,,0,,,3724,2692,1290,,,,6
23/12/2017,8.2,"Run, Bike",114,89,89.3,,5296,3691,2210,,,,8
24/12/2017,6.7,Gym,60,55,,,10115,2979,2900,,,,4
25/12/2017,7.8,"Swim, Gym",60,74,,,8065,2955,2870,,,,8
26/12/2017,6.9,"Swim, Gym",75,54,,,12799,3411,3230,,,,4
27/12/2017,6.6,Gym,60,69,89.5,,13045,3495,3490,,,75,4
28/12/2017,7.5,"Swim, Run",65,60,,,14453,3789,3670,,,75,8
29/12/2017,6.6,,,0,,,4888,2351,2060,,,80,4
30/12/2017,8.2,Bike,120,165,,,5824,3622,2370,,,120,5
31/12/2017,8.1,Run,60,83,,,11864,3627,3870,,,80,5
01/01/2018,8.4,"Swim, Run",60,57,89.7,,12390,3594,3120,,,75,9
02/01/2018,9,"Swim, Gym",78,74,,,10021,3426,3140,,,80,10
03/01/2018,8.2,Run,60,93,,,9189,3303,3400,,,80,5
04/01/2018,7.2,Swim,60,52,,,11397,3240,3210,,,80,2
05/01/2018,7.7,"Run, Gym",96,83,89.8,,10346,3330,3430,,,80,9
06/01/2018,,"Run, Bike",119,73,,,,,,,,80,
07/01/2018,6.2,,,0,,,5257,2348,2800,,,80,4
08/01/2018,6.8,"Swim, Run",60,75,,,9114,2964,2390,,,80,4
09/01/2018,7.1,Swim,60,54,89.8,,10092,3033,3030,,,75,6
10/01/2018,6.7,Run,85,77,,,11878,3381,3540,,,80,3
11/01/2018,8.2,Swim,60,50,,,11193,3336,2920,,,75,8
12/01/2018,7.4,,,0,,,3453,2755,2310,,,75,10
13/01/2018,6.4,"Swim, Run",76,82,,,4189,2208,2470,,,75,4
14/01/2018,8.9,"Swim, Run",,0,89.8,,3693,2025,2130,,,80,9
15/01/2018,6.5,"Swim, Run",60,78,,,14633,3777,3820,,,75,3
16/01/2018,8.9,"Swim, Run",60,64,,,11532,3579,3210,,,75,9
17/01/2018,6,Run,81,61,89.8,,9256,2793,2550,,,80,5
18/01/2018,6.6,"Swim, Run",60,54,89.8,,13549,3477,3680,,,80,4
19/01/2018,7.7,Run,20,30,,,11855,3672,3130,,,75,8
20/01/2018,6.9,"Swim, Run",64,72,,,3824,2181,2450,,,80,5
21/01/2018,7.9,Run,30,63,,,14549,3882,3620,,,80,8
22/01/2018,6.4,"Swim, Run",60,59,89.9,,13479,3465,3330,,,80,4
23/01/2018,6.1,"Swim, Run",60,59,89.9,,10794,3018,2690,,,75,3
24/01/2018,8,Gym,60,70,,50,12821,3675,3800,,,75,8
25/01/2018,8.8,Swim,60,72,,43,10369,3444,3470,,,80,10
26/01/2018,8.8,Gym,60,49,89.9,43,11362,3447,3380,,,80,8
27/01/2018,7.6,"Swim, Gym",107,93,,52,3361,3337,2260,,,75,8
28/01/2018,6.4,"Swim, Gym",,0,,37,4405,2752,1480,,,75,4
29/01/2018,7.1,Swim,60,60,,35,11695,3312,3320,,,80,6
30/01/2018,8.2,"Swim, Gym",60,66,89.9,31,13583,3801,3970,,,80,8
31/01/2018,8.4,"Swim, Gym",86,92,,32,10062,3450,3060,,,75,10
01/02/2018,8.6,"Swim, Gym",60,59,,33,11114,3444,3390,,,70,9
02/02/2018,7,"Run, Gym",62,81,89.9,56,9147,3033,2490,,,80,7
03/02/2018,8.4,"Swim, Run",70,60,,73,4511,2430,2560,,,80,10
04/02/2018,6,,,0,,34,6774,2052,2120,,,80,4
05/02/2018,8.3,"Swim, Gym",60,61,,37,12776,3660,3760,,,75,9
06/02/2018,6.2,"Swim, Run",75,75,,36,10694,3114,2510,,,80,4
07/02/2018,7.5,,,0,,36,3466,2282,1360,,,80,8
08/02/2018,6.9,"Swim, Run",76,70,89.9,41,9093,2946,2650,,,75,4
09/02/2018,6.4,,,0,,55,4260,2737,1580,,,80,5
10/02/2018,8.7,"Swim, Run",94,88,,39,4337,2616,2910,,,80,10
11/02/2018,7.2,Run,36,28,,49,10965,3366,3540,,,80,6
12/02/2018,7.6,"Swim, Gym",65,71,,43,12439,3564,3390,,,80,8
13/02/2018,8.5,Swim,60,55,,37,13674,3786,3470,,,75,10
14/02/2018,7.1,,,0,89.8,47,4441,2366,2010,,,80,6
15/02/2018,8.7,"Swim, Run",60,80,,60,12700,3822,3830,,,75,9
16/02/2018,6.1,Run,30,99,,41,13085,3603,3560,,,140,5
17/02/2018,8.1,"Run, Bike",108,73,,71,3931,3370,2320,,,70,8
18/02/2018,8.4,,,0,,45,5560,2232,1870,,,80,9
19/02/2018,6.6,Swim,60,69,,43,10041,3051,2710,,,70,5
20/02/2018,7.8,Swim,65,70,,55,10617,3309,3540,,,75,7
21/02/2018,7.5,,,0,,57,4621,2453,1890,,,70,8
22/02/2018,8.2,Swim,60,65,89.9,39,10604,3342,3270,,,70,10
23/02/2018,6.1,"Run, Gym",91,99,,32,12184,3474,3150,,,170,5
24/02/2018,6.9,Bike,235,268,,71,3373,5085,4960,,,105,3
25/02/2018,6.2,Gym,63,72,89.9,79,13329,3495,3700,,,75,3
26/02/2018,6.8,"Swim, Run",90,69,,44,13980,3669,3250,,,70,4
27/02/2018,7.3,"Swim, Run",75,55,,58,13102,3519,3340,,,80,8
28/02/2018,6.3,Run,118,80,,31,11372,4261,2960,,,75,4
01/03/2018,6.5,Swim,60,63,89.8,60,13173,3468,2960,,,80,5
02/03/2018,7.2,,,0,,60,4456,2384,1670,,,80,7
03/03/2018,7.9,"Run, Bike",100,79,,52,3731,2352,2160,,,80,7
04/03/2018,6.3,"Run, Gym",108,85,,33,8342,3835,3010,,,75,2
05/03/2018,6.5,"Swim, Run",65,59,89.6,75,8606,2754,2500,,,80,4
06/03/2018,7.4,Swim,45,55,,37,11940,3360,3570,,,70,8
07/03/2018,6.9,Run,114,62,,51,12989,4483,2900,,,,4
08/03/2018,8,Swim,45,63,,57,10476,3279,3510,,,,8
09/03/2018,8.6,Run,45,54,,46,9230,3342,2920,,,,10
10/03/2018,9,"Run, Bike",99,79,89.6,,6397,2910,2660,,,,10
11/03/2018,6.5,Run,69,66,89.5,,9353,2910,2860,,,,5
12/03/2018,6.9,"Swim, Run",65,62,,,8026,2742,2730,,,,5
13/03/2018,8.3,"Swim, Run",45,50,,,13222,3660,3520,,,,8
14/03/2018,6.7,,,0,,,5515,2471,1490,,,,5
15/03/2018,8.6,"Swim, Run",60,66,89.5,,14440,3978,3370,,,,9
16/03/2018,6.3,"Run, Gym",64,66,,,13945,3558,3770,,,,4
17/03/2018,7.2,Bike,261,324,,,3530,5481,5310,,,,6
18/03/2018,6.2,"Run, Gym",98,86,,,13423,3594,3640,,,,3
19/03/2018,8.3,"Swim, Run",55,66,,,11612,3522,2920,,,,10
20/03/2018,8.2,"Swim, Run",85,155,89.6,,9690,3153,2830,,,,8
21/03/2018,6.6,Run,118,82,,,14099,4732,3450,,,,4
22/03/2018,8.8,"Swim, Run, Gym",60,61,,,13840,3888,3840,,,,9
23/03/2018,6.4,,,0,,,3497,2617,1330,,,,4
24/03/2018,8,"Run, Bike, Gym",116,84,89.5,,4161,3463,2310,,,,8
25/03/2018,8.7,Run,45,65,,,9596,3396,3530,,,,8
26/03/2018,8.1,"Swim, Run",60,73,,,13597,3828,3880,,,,5
27/03/2018,7.3,Swim,60,71,89.4,,13243,3636,3810,,,,7
28/03/2018,7.1,,,0,,,4617,2384,1390,,,75,6
29/03/2018,7.6,"Swim, Run",95,52,,,13440,3606,3470,,,80,8
30/03/2018,8.7,Gym,75,68,89.4,,11124,3516,3480,,,70,9
31/03/2018,7.4,Bike,310,380,,,4404,6385,6790,,,125,7
01/04/2018,7.3,"Run, Gym",103,60,,,14651,4786,3550,,,75,4
02/04/2018,6.7,Swim,60,54,89.3,,12522,3339,2880,,,80,4
03/04/2018,6.9,"Swim, Run",60,66,,,9981,3066,3020,,,80,4
04/04/2018,7.7,Gym,60,68,,,13004,3651,3370,,,80,7
05/04/2018,8,Swim,60,79,,,13793,3873,3780,,,75,9
06/04/2018,8.8,Run,45,60,,,9407,3402,3340,,,75,10
07/04/2018,6.8,"Run, Bike",98,91,89.3,,3999,2301,2360,,,75,4
08/04/2018,6.3,,,0,89.3,,6037,2480,1890,,,80,4
09/04/2018,6.3,Swim,60,79,,,10579,3144,2780,,,80,5
10/04/2018,7.9,Swim,60,54,89.4,,12030,3441,3600,,,80,8
11/04/2018,6.2,Run,82,84,89.3,,10171,3096,2760,,,80,5
12/04/2018,8.8,Swim,60,54,,,11430,3489,3630,,,70,10
13/04/2018,6.3,Run,32,72,,,14700,3717,3130,,,75,5
14/04/2018,8.1,Bike,240,299,89.2,,6932,5976,6230,,,160,8
15/04/2018,7.4,Run,42,40,89.1,,8782,3000,2400,,,75,7
16/04/2018,8.7,"Swim, Run",65,71,,,9974,3354,2880,,,80,10
17/04/2018,8,"Swim, Gym",60,74,,,10155,3300,3500,,,75,9
18/04/2018,8.4,,,0,,,4123,2504,1660,,,70,5
19/04/2018,8.3,Swim,60,71,88.8,,10535,3390,3250,,,75,10
20/04/2018,6.5,Gym,60,73,88.8,,13009,3498,3350,,,80,5
21/04/2018,7.1,"Run, Bike",82,70,,,4059,2220,1670,,,70,6
22/04/2018,6.5,Run,95,72,,,13243,3519,3470,,,70,2
23/04/2018,8.1,"Swim, Gym",60,76,,,10678,3405,3230,,,80,8
24/04/2018,8.6,"Swim, Run, Gym",60,53,,,14567,3930,3410,,,80,10
25/04/2018,7.9,Run,30,99,88.6,,12428,3774,3830,,,160,8
26/04/2018,8.8,Swim,75,58,,,11789,3573,3210,,,75,10
27/04/2018,6.9,,,0,88.6,,6184,2094,1950,,,80,2
28/04/2018,6.3,"Run, Bike",101,91,,,6998,2670,2680,,,80,2
29/04/2018,6.5,,,0,,,4902,2339,1590,,,75,1
30/04/2018,7.7,"Swim, Gym",60,53,,,12701,3501,3230,,,80,9
01/05/2018,8.9,"Swim, Run",60,73,88.5,,13639,3948,3390,,,70,10
02/05/2018,6.7,,,0,,,6540,2112,1980,,,80,4
03/05/2018,7.4,"Swim, Run",60,80,,,12345,3573,2970,,,75,9
04/05/2018,7,"Run, Gym",76,73,,,11721,3381,3610,,,80,6
05/05/2018,8.9,"Run, Bike",65,92,88.6,,5396,2829,2390,,,80,10
06/05/2018,7.7,Run,20,22,88.5,,8239,2955,3090,,,80,8
07/05/2018,7.2,"Swim, Run",72,82,,,8709,2895,,,,,
08/05/2018,8.1,"Swim, Gym",60,59,88.4,,10833,3318,,,,,
09/05/2018,8.6,Run,45,71,88.5,,14724,3996,,,,,
10/05/2018,6.4,"Swim, Run",60,52,,,13575,3444,,,,,
11/05/2018,8.7,Gym,60,64,,,10923,3462,,,,,
12/05/2018,8.7,Bike,115,75,,,6307,3826,,,,,
13/05/2018,8.7,Run,30,80,88,,9973,3411,,,,,
14/05/2018,7.4,"Swim, Run, Gym",60,51,,,11452,3258,,,,,
15/05/2018,8.4,"Swim, Run",60,63,,,10599,3366,,,,,
16/05/2018,8.1,Run,60,62,,,8260,2964,,,,,
17/05/2018,7.9,Swim,60,57,87.8,,10300,3207,,,,,
18/05/2018,6.7,,,0,,,4379,2288,,,,,
19/05/2018,8.1,"Run, Bike, Gym",62,78,,,6264,2751,,,,,
20/05/2018,6.7,,,0,,,6723,2139,,,,,
21/05/2018,6.8,Swim,60,57,87.6,,13338,3492,,,,,
22/05/2018,8.6,Swim,60,78,,,10025,3390,,,,,
23/05/2018,6.1,Gym,60,55,,,11962,3165,,,,,
24/05/2018,6.3,Swim,60,76,,,10598,3120,,,,,
25/05/2018,7,Run,79,99,87.5,,14672,3981,,,,,
26/05/2018,6.6,Bike,240,298,,,6018,5613,,,,,
27/05/2018,8.2,,,0,,,3293,2354,,,,,
28/05/2018,8.6,"Swim, Run",60,61,,,8506,3063,,,,,
29/05/2018,7.8,"Swim, Run",60,56,87.3,,14884,3864,,,,,
30/05/2018,7.4,Gym,60,57,87.3,,11052,3231,,,,,
31/05/2018,8.6,"Swim, Run",60,59,,,10756,3384,,,,,
01/06/2018,8.1,,,0,,,5403,2154,,,,,
02/06/2018,7.8,"Bike, Gym",216,214,,,5178,5842,,,,,
03/06/2018,7.1,Gym,60,54,87,,13518,3546,,,,,
04/06/2018,7.9,"Swim, Run",60,51,,,13196,3600,,,,,
05/06/2018,6.6,"Swim, Run",60,71,,,8429,2808,,,,,
06/06/2018,6.7,,,0,,,5186,2417,,,,,
07/06/2018,6.7,"Swim, Gym",60,54,86.5,,11219,3144,,,,,
08/06/2018,8.1,"Run, Gym",87,83,,,9237,3228,,,,,
09/06/2018,6.3,Bike,185,156,86.6,,4575,5091,,,,,
10/06/2018,6.5,Run,112,76,,,10504,4126,2540,,,80,5
11/06/2018,7.3,"Swim, Run",60,75,,,9062,3030,2640,,,80,5
12/06/2018,8.2,"Swim, Run",60,56,86.4,,13790,3762,3250,,,80,4
13/06/2018,7.6,"Run, Gym",80,84,86.3,,14336,3927,3360,,,75,7
14/06/2018,8.4,"Swim, Gym",60,77,,,10991,3492,3300,,,80,8
15/06/2018,8.8,"Run, Gym",61,60,,,12652,3711,3840,,,75,10
16/06/2018,7.2,Bike,125,108,,,3942,3442,2350,,,125,6
17/06/2018,6.2,"Run, Gym",73,87,,,12220,3414,3070,,,80,4
18/06/2018,8.8,"Swim, Run",60,66,86.4,,8545,3120,2820,,,80,8
19/06/2018,7.1,"Swim, Gym",60,68,,,10811,3222,3330,,,80,6
20/06/2018,7.4,Run,42,45,,,8990,3183,3070,,,80,7
21/06/2018,6.2,"Swim, Run",60,76,86.2,,9813,2985,3090,,,80,5
22/06/2018,6.2,Gym,60,61,,,10068,2940,2440,,,75,5
23/06/2018,7.7,Bike,120,85,86,,4652,3493,2590,,,75,7
24/06/2018,8.2,,,0,86.1,,3431,2369,1950,,,80,8
25/06/2018,6.3,"Swim, Run, Gym",60,73,,,14430,3669,3800,,,70,4
26/06/2018,7.6,Swim,60,64,,,13235,3633,3780,,,75,6
27/06/2018,8.6,Run,45,62,,,10152,3423,3270,,,75,8
28/06/2018,7.1,"Swim, Gym",60,54,,,11044,3177,3100,,,70,7
29/06/2018,6.8,"Run, Gym",85,100,85.69,,12275,3591,3130,,,180,3
30/06/2018,7.3,"Bike, Gym",125,158,,,5598,3418,1960,,,125,8
01/07/2018,6,Run,73,90,,,14306,3720,3130,,,80,5
02/07/2018,8.5,Swim,60,67,,,12407,3663,3070,,,75,9
03/07/2018,7.3,Swim,60,67,85.5,,13531,3660,3280,,,75,7
04/07/2018,6.2,Run,119,85,,,13685,4615,3660,,,75,4
05/07/2018,7.5,"Swim, Run",60,50,,,13212,3528,3700,,,80,7
06/07/2018,6.6,,,0,,,4696,2315,1670,,,75,5
07/07/2018,8.5,"Run, Bike",91,80,85.2,,3895,2460,2050,,,80,9
08/07/2018,8.5,"Run, Gym",84,60,85,,10079,3273,3020,,,80,10
09/07/2018,8,"Swim, Run",60,62,,,8796,3015,2820,,,80,8
10/07/2018,7.2,"Swim, Run",60,56,,,9583,2979,2520,,,80,6
11/07/2018,6.8,Run,103,84,,,8042,3856,2710,,,80,4
12/07/2018,7.4,"Swim, Gym",60,54,84.5,,11989,3357,3560,,,80,6
13/07/2018,8.2,,,0,,,5756,2223,1990,,,80,9
14/07/2018,8.8,Bike,186,251,,,5627,5592,5400,,,170,9
15/07/2018,7.4,Gym,60,69,,,10455,3213,2990,,,80,7
16/07/2018,6.4,"Swim, Run",60,64,84.2,,9421,2883,2660,,,75,5
17/07/2018,,"Swim, Run",60,75,,,,,,,,,
18/07/2018,,Run,104,63,,,,,,,,,
19/07/2018,,Swim,60,73,,,,,,,,,
20/07/2018,8.1,Gym,60,60,85.4,,11906,3483,3500,,,75,7
21/07/2018,8.7,Bike,95,114,,,4590,2802,2300,,,135,10
22/07/2018,7,Gym,60,77,,,10298,3186,3470,,,80,8
23/07/2018,7.5,Swim,60,57,,,11390,3300,3390,,,70,5
24/07/2018,7.6,"Swim, Run",60,64,85,,11704,3408,2940,,,75,9
25/07/2018,6.8,Gym,60,54,84.9,,11301,3159,2870,,,75,3
26/07/2018,6.7,"Swim, Run, Gym",60,78,,,8558,2886,2800,,,80,3
27/07/2018,7.4,Gym,60,41,,,13028,3435,3210,,,80,5
28/07/2018,6.4,"Run, Bike, Gym",101,75,,,6058,2451,2750,,,80,5
29/07/2018,6.8,,,0,84.4,,3207,2635,1060,,,75,4
30/07/2018,7.7,Swim,60,52,84.2,,12457,3468,3130,,,80,8
31/07/2018,8.1,"Swim, Run",60,77,,,9417,3213,3030,,,75,8
01/08/2018,7.7,Run,20,24,,,14182,3822,3790,,,80,7
02/08/2018,8.3,"Swim, Run",60,71,,,8278,3033,3310,,,80,7
03/08/2018,6.4,Run,80,92,,,11457,3360,3120,,,80,3
04/08/2018,8.7,Bike,210,225,83.5,,4096,5802,5490,,,170,8
05/08/2018,6.2,Run,69,66,83.6,,14633,3648,3210,,,80,3
06/08/2018,7.4,"Swim, Run, Gym",60,75,,,10754,3300,3230,,,80,10
07/08/2018,6,Swim,60,64,,,10605,3003,3280,,,80,3
08/08/2018,6.1,Run,60,94,,,13947,3693,3690,,,75,2
09/08/2018,8.7,"Swim, Run",60,58,82.8,,9394,3192,3060,,,70,10
10/08/2018,6.2,,,0,82.5,,6187,2489,2080,,,80,4
11/08/2018,6.7,Bike,180,140,,,5417,5790,6050,,,170,5
12/08/2018,8.3,Run,60,86,,,8574,3171,3290,,,80,8
13/08/2018,6.8,"Swim, Gym",60,52,81.9,,12753,3375,2830,,,75,4
14/08/2018,9,"Swim, Run",60,53,81.8,,12573,3675,3660,,,80,10
15/08/2018,6.1,,,0,,,6406,2010,1650,,,75,2
16/08/2018,6.1,"Swim, Gym",60,53,,,13707,3423,2850,,,80,1
17/08/2018,6.9,,,0,81.7,,3950,2755,1610,,,80,4
18/08/2018,6.8,Bike,240,286,,,4648,5358,5470,,,115,4
19/08/2018,8.2,Run,60,61,,,9934,3216,3070,,,75,8
20/08/2018,8.6,"Swim, Run, Gym",60,50,81.8,,10677,3324,3180,,,70,10
21/08/2018,8.7,"Swim, Run",60,76,81.5,,13153,3852,3790,,,70,8
22/08/2018,8.5,Run,60,89,,,10862,3558,3330,,,80,9
23/08/2018,8.8,Swim,60,60,,,13107,3774,3990,,,80,10
24/08/2018,7.7,Gym,60,66,81.1,,11305,3369,3470,,,75,8
25/08/2018,8.1,Bike,95,76,,,6296,2742,2610,,,70,6
26/08/2018,7.4,,,0,,,4638,2429,1830,,,75,7
27/08/2018,8.2,"Swim, Run",60,69,,,11679,3522,3450,,,80,9
28/08/2018,6.4,"Swim, Gym",60,53,,,10346,2958,2700,,,75,5
29/08/2018,8.5,,,0,,,4124,2019,1650,,,75,9
30/08/2018,8.7,"Swim, Run",60,55,81.4,,10955,3405,3210,,,80,9
31/08/2018,6.5,Run,77,68,,,8181,2730,2700,,,80,4
01/09/2018,7.3,Bike,85,122,,,5040,2706,2220,,,135,8
02/09/2018,8,Run,32,84,,,14423,3993,3480,,,75,8
03/09/2018,6.8,Swim,60,64,,,13362,3543,2990,,,80,5
04/09/2018,,"Swim, Run, Gym",60,76,80.8,,,,,,,75,
05/09/2018,,Run,60,68,,,,,,,,80,
06/09/2018,7.1,"Swim, Run",60,60,,,10918,3183,3290,,,80,6
07/09/2018,7.5,Run,20,24,,,9217,3216,3160,,,80,8
08/09/2018,7.2,Bike,189,200,85.5,,4851,5535,5440,,,170,10
09/09/2018,8.4,,,0,,,3042,2336,1370,,,80,10
10/09/2018,8,"Swim, Run",60,78,,,14938,4041,4190,,,80,8
11/09/2018,6.5,Swim,60,77,,,12326,3405,3490,,,80,4
12/09/2018,7.6,,,0,85.4,,3265,2752,1280,,,75,8
13/09/2018,6.5,"Swim, Gym",60,76,85.4,,10424,3114,3000,,,75,3
14/09/2018,6.5,,,0,85.4,,3298,2596,1600,,,80,4
15/09/2018,7.1,"Run, Bike",109,69,,,3186,3082,2140,,,75,7
16/09/2018,9,,,0,,,6837,2502,1920,,,75,10
17/09/2018,8.6,Swim,60,69,,,10894,3468,3040,,,80,10
18/09/2018,6.6,"Swim, Run",60,54,85.4,,9237,2817,2520,,,75,5
19/09/2018,8.1,Run,32,63,85.4,,14279,3855,3670,,,80,9
20/09/2018,6.1,"Swim, Run, Gym",60,53,85.4,,11718,3111,2510,,,75,4
21/09/2018,7.8,Run,30,68,,,12797,3621,3410,,,80,9
22/09/2018,8.7,"Bike, Gym",120,110,,,3385,3595,2470,,,115,10
23/09/2018,7.4,Run,42,32,,,13525,3828,4120,,,80,6
24/09/2018,6.4,"Swim, Run",60,53,85.3,,9171,2784,2470,,,80,4
25/09/2018,6.2,"Swim, Run, Gym",60,50,85.4,,11346,3063,2870,,,80,5
26/09/2018,,Run,92,90,,,,,,,,80,
27/09/2018,8.8,"Swim, Gym",60,58,,,12279,3639,3820,,,75,10
28/09/2018,9,Run,45,50,85.3,,8083,3183,3310,,,80,9
29/09/2018,7.2,"Run, Bike",71,97,85.4,,6322,2736,2700,,,125,4
30/09/2018,6.7,,,0,,,3949,2725,1140,,,75,4
01/10/2018,7.2,"Swim, Run",60,57,,,10506,3123,3270,,,75,2
02/10/2018,8.7,Swim,60,76,,,10766,3501,3240,,,75,9
03/10/2018,6.3,,,0,85.4,,6240,2501,1940,,,70,5
04/10/2018,7.1,"Swim, Run, Gym",60,67,85.4,,12642,3489,3730,,,75,6
05/10/2018,7.4,,,0,85.3,,4032,2339,2020,,,75,10
06/10/2018,7,"Run, Bike",104,83,,,3369,3175,1580,,,80,8
07/10/2018,7.8,Run,30,72,,,9641,3180,3470,,,75,8
08/10/2018,6.6,Swim,60,55,,,10032,2952,3140,,,80,2
09/10/2018,8.8,Swim,60,80,,,12648,3822,3560,,,75,8
10/10/2018,7.3,"Run, Gym",120,61,85.4,,14200,4717,3350,,,80,8
11/10/2018,6.1,"Swim, Run, Gym",60,58,,,8191,2622,2070,,,80,4
12/10/2018,8.2,Run,60,99,,,14997,4197,3960,,,115,7
13/10/2018,8.8,"Bike, Gym",120,72,,,5904,3763,2470,,,80,10
14/10/2018,7.9,Run,30,88,,,9907,3321,2990,,,75,8
15/10/2018,8.2,Swim,60,54,,,10631,3276,3340,,,80,8
16/10/2018,6.4,"Swim, Run",60,72,85.7,,9451,2940,3160,,,80,4
17/10/2018,8.4,"Run, Gym",79,93,,,8370,3198,3190,,,70,8
18/10/2018,7.8,"Swim, Run",60,77,,,13484,3786,4050,,,75,8
19/10/2018,8.7,Run,45,71,,,12240,3627,3450,,,80,10
20/10/2018,6.8,Bike,124,148,85.9,,5550,3874,3090,,,155,5
21/10/2018,8.9,,,0,85.9,,4590,2148,1690,,,75,10
22/10/2018,7,"Swim, Run",60,73,,,9165,2997,3270,,,80,8
23/10/2018,8.5,"Swim, Run, Gym",60,50,,,14306,3849,3530,,,75,8
24/10/2018,7.2,Run,36,36,,,10262,3192,3020,,,75,1
25/10/2018,8.6,Swim,60,74,,,12500,3735,3750,,,80,10
26/10/2018,9,Run,91,92,86.3,,8374,3285,3090,,,75,10
27/10/2018,6.8,Bike,143,125,86.3,,6481,4003,4330,,,145,4
28/10/2018,7.1,,,24,,,5880,2073,1630,,,80,10
29/10/2018,6.6,"Swim, Run",60,22,,,8834,2817,2310,,,75,3
30/10/2018,7.7,"Swim, Run",60,19,,,10823,3243,3440,,,75,8
31/10/2018,8.1,,,32,,,6153,2262,2210,,,80,8
01/11/2018,7.9,"Swim, Run",60,55,86.5,,10569,3231,3030,,,80,10
02/11/2018,6.6,Run,70,89,,,10836,3279,3440,,,80,4
03/11/2018,7.2,"Run, Bike",85,25,,,5789,2439,2300,,,75,6
04/11/2018,8.7,,,24,,,4380,2088,1560,,,80,10
05/11/2018,8.6,"Swim, Run",60,22,,,8312,3003,3200,,,75,10
06/11/2018,6.2,Swim,60,19,86.8,,10174,2943,3000,,,80,5
07/11/2018,6.1,Gym,60,32,,,12480,3285,3160,,,75,4
08/11/2018,6.4,"Swim, Run, Gym",60,57,87,,8409,2694,2590,,,75,5
09/11/2018,7.8,Run,30,79,,,11687,3531,3150,,,80,8
10/11/2018,7.2,Bike,186,225,,,4156,5259,4940,,,165,6
11/11/2018,7.1,Run,116,65,,,12646,4480,3100,,,80,7
12/11/2018,6.2,"Swim, Gym",60,22,,,11532,3150,3210,,,75,3
13/11/2018,6.1,"Swim, Run, Gym",60,19,87.2,,14352,3507,2960,,,75,3
14/11/2018,7.7,,,32,,,3821,2351,1500,,,80,7
15/11/2018,8.4,"Swim, Run",60,66,87.3,,11714,3537,3010,,,75,9
16/11/2018,6.1,Gym,60,43,,,13911,3396,3450,,,75,5
17/11/2018,7.3,Bike,174,174,,,4105,4292,3610,,,150,10
18/11/2018,7.3,"Run, Gym",95,72,,,10172,3183,3070,,,75,6
19/11/2018,6.6,Swim,60,63,87.6,,13367,3498,3740,,,70,4
20/11/2018,8.3,"Swim, Run",60,54,,,13602,3732,3940,,,80,7
21/11/2018,8,Run,32,83,,,10258,3366,3540,,,75,8
22/11/2018,8.5,"Swim, Run",60,25,87.8,,9545,3174,2770,,,80,10
23/11/2018,8.3,Run,60,87,,,13735,3957,4090,,,75,4
24/11/2018,7.8,"Run, Bike",68,22,,,3294,2343,2070,,,80,8
25/11/2018,7.2,Run,36,44,,,13578,3633,3070,,,75,7
26/11/2018,8.5,Swim,60,32,,,10078,3285,3120,,,75,8
27/11/2018,7.5,Swim,60,50,88,,11583,3285,3380,,,80,8
28/11/2018,8,Run,32,71,,,9421,3174,2950,,,75,8
29/11/2018,7.6,Swim,60,66,,,12595,3552,3290,,,80,9
30/11/2018,8.1,"Run, Gym",89,84,,,14182,3972,3780,,,75,8
01/12/2018,6.6,Bike,198,283,,,3140,5082,5490,,,135,5
02/12/2018,6,"Run, Gym",79,84,88.3,,8316,2784,2550,,,75,3
03/12/2018,8.1,"Swim, Run",60,57,,,14567,3870,3870,,,80,7
04/12/2018,7.7,Swim,60,56,,,12199,3456,3410,,,80,8
05/12/2018,6.3,"Run, Gym",110,74,,,12593,4402,3600,,,75,5
06/12/2018,6.4,Swim,60,76,,,11075,3201,2890,,,75,4
07/12/2018,8.8,Gym,60,79,88.6,,13591,3966,3420,,,80,10
08/12/2018,7.1,Bike,154,140,,,4544,4721,3890,,,110,7
09/12/2018,9,"Run, Gym",93,60,,,13107,3807,3330,,,80,8
10/12/2018,8,Swim,60,68,,,12794,3651,3050,,,75,10
11/12/2018,6.2,"Swim, Run",60,78,,,9190,2910,2480,,,80,5
12/12/2018,6,Run,66,84,,,14109,3657,3740,,,80,4
13/12/2018,7.6,"Swim, Run, Gym",60,68,88.9,,14763,3891,4140,,,80,6
14/12/2018,8.7,Run,45,70,,,12565,3729,3850,,,75,8
15/12/2018,8.9,"Run, Bike",67,76,,,3876,2502,2480,,,75,10
16/12/2018,6.9,"Run, Gym",85,68,,,12209,3399,2880,,,70,3
17/12/2018,6.7,"Swim, Run",60,63,,,8639,2805,2400,,,70,5
18/12/2018,8.4,"Swim, Run",60,63,,,10882,3396,3480,,,80,9
19/12/2018,8.5,Run,45,63,89.3,,13106,3750,3400,,,75,8
20/12/2018,6.4,"Swim, Run",60,70,,,11219,3198,3320,,,80,4
21/12/2018,8,Run,32,80,89.3,,10043,3318,3550,,,80,10
22/12/2018,7.8,Bike,170,124,,,6964,4084,3970,,,125,8
23/12/2018,8.6,Run,45,54,,,13597,3891,3340,,,75,10
24/12/2018,6.8,"Swim, Run",60,64,,,14183,3669,3170,,,80,5
25/12/2018,6.8,Swim,60,74,89.5,,10748,3207,2840,,,80,4
26/12/2018,7.6,"Run, Gym",61,100,,,14608,4065,4050,,,180,8
27/12/2018,8,Swim,60,62,,,10615,3300,2860,,,80,9
28/12/2018,,,,0,,,,,,,,75,
29/12/2018,7.8,"Run, Bike, Gym",113,75,,,5020,3502,2480,,,75,8
30/12/2018,6.9,"Run, Gym",84,67,89.8,,10507,3138,2540,,,80,5
31/12/2018,8.2,Swim,60,54,,,10125,3198,2770,,,75,8
01/01/2019,7,Swim,60,76,,,13879,3723,3490,,,70,7
02/01/2019,7.6,Run,20,24,,,13783,3732,3770,,,80,9
03/01/2019,8.4,Swim,60,62,,,11661,3516,,,,,
04/01/2019,7.6,,,0,90.1,,3720,2339,,,,,
05/01/2019,8,"Run, Bike",82,73,,,3793,2334,,,,,
06/01/2019,6.1,Run,93,64,,,9405,2844,,,,,
07/01/2019,7.5,"Swim, Run",60,52,,,8270,2817,,,,,
08/01/2019,7.2,"Swim, Run",60,69,,,8444,2901,,,,,
09/01/2019,6.9,,,0,90.3,,6930,2208,,,,,
10/01/2019,7.3,"Swim, Run",60,60,,,9450,3003,,,,,
11/01/2019,8.8,,,0,,,4111,2067,,,,,
12/01/2019,7.4,"Run, Bike",119,95,,,5181,3589,,,,,
13/01/2019,6,Gym,60,48,90.2,,11686,3078,,,,,
14/01/2019,6.5,"Swim, Run",60,66,90.2,,14271,3639,3810,,,75,6
15/01/2019,9,"Swim, Run",60,56,,,14521,3996,3990,,,80,10
16/01/2019,6.5,Run,95,90,,,13371,3657,3280,,,75,3
17/01/2019,8.9,Swim,60,71,,,11331,3597,3820,,,75,10
18/01/2019,8.6,Run,45,60,,,9601,3216,2810,,,80,10
19/01/2019,7.5,"Run, Bike",100,91,90.2,,6766,2826,2670,,,70,7
20/01/2019,8.7,Run,45,88,90.1,,12009,3657,3310,,,80,9
21/01/2019,8.6,Swim,60,66,,,12239,3660,3880,,,75,9
22/01/2019,7.3,"Swim, Run",60,64,,,10521,3192,3430,,,75,5
23/01/2019,,,,0,,,,,,,,75,
24/01/2019,8.2,Swim,60,55,90.1,,10664,3285,2950,,,70,6
25/01/2019,8.9,,,0,90.2,,5411,2280,1680,,,80,8
26/01/2019,6,Bike,175,134,,,6178,4769,4220,,,165,3
27/01/2019,8.7,"Run, Gym",64,82,,,9150,3300,2810,,,70,9
28/01/2019,8.6,"Swim, Run",60,72,,,10421,3420,2970,,,80,9
29/01/2019,6.5,"Swim, Run",60,75,,,10393,3117,2920,,,75,4
30/01/2019,6.4,Run,99,69,90.1,,13587,3552,3000,,,70,5
31/01/2019,7.4,"Swim, Run",60,34,90.1,,10979,3279,2850,,,75,7
01/02/2019,8.5,,,0,,,5603,2256,2460,,,75,10
02/02/2019,6.5,"Bike, Gym",180,125,,,3524,5382,5720,,,180,4
03/02/2019,6.9,Gym,60,66,,,12974,3507,3680,,,80,5
04/02/2019,7.8,Swim,60,55,,,12280,3471,3760,,,80,7
05/02/2019,8.4,Swim,60,50,90.1,,13112,3660,3240,,,75,9
06/02/2019,8.9,"Run, Gym",108,66,,,13353,4873,4070,,,80,8
07/02/2019,6.5,"Swim, Run",60,61,,,10687,3084,2950,,,75,6
08/02/2019,8.4,,,0,,,5987,2286,1850,,,80,8
09/02/2019,8.3,"Run, Bike",101,75,,,3071,2295,2160,,,70,1
10/02/2019,7.8,Run,30,61,90.1,,11577,3402,3380,,,70,7
11/02/2019,8.1,"Swim, Run",60,34,,,9556,3228,3480,,,70,4
12/02/2019,7.6,Swim,60,66,90.1,,10580,3264,2810,,,70,7
13/02/2019,6.9,"Run, Gym",109,86,,,12753,4600,3890,,,75,5
14/02/2019,7.2,Swim,60,62,,,11856,3360,2900,,,75,8
15/02/2019,7.6,,,0,,,6017,2178,2030,,,75,7
16/02/2019,7.7,"Run, Bike, Gym",86,77,,,5341,2559,2060,,,75,8
17/02/2019,8.7,,,0,,,4385,2097,1960,,,80,10
18/02/2019,6.5,"Swim, Run",60,59,90.1,,11945,3252,2900,,,75,4
19/02/2019,9,"Swim, Run",60,61,,,9308,3240,3210,,,75,8
20/02/2019,7.9,Run,32,78,,,14832,4017,4080,,,80,8
21/02/2019,7.7,Swim,60,34,,,12378,3603,3470,,,80,8
22/02/2019,8.5,Run,60,60,,,12090,3579,3500,,,80,10
23/02/2019,6.7,Bike,168,111,90.2,,4477,4472,4000,,,105,5
24/02/2019,7.8,,,0,,,3095,2761,1190,,,80,6
25/02/2019,7.5,"Swim, Run",60,53,,,14564,3753,3320,,,80,7
26/02/2019,7.3,"Swim, Run",60,78,,,14260,3840,4130,,,80,8
27/02/2019,8.7,,,0,,,6814,2460,2290,,,80,8
28/02/2019,7.6,"Swim, Run",60,79,90.2,,9518,3174,3390,,,80,7
01/03/2019,8.3,,,0,,,5570,2214,2090,,,80,8
02/03/2019,8.6,Bike,253,350,,,4728,5804,5340,,,155,10
03/03/2019,8.4,"Run, Gym",99,84,,,14386,4056,4220,,,75,10
04/03/2019,6.6,"Swim, Run",60,71,,,13296,3543,3780,,,80,4
05/03/2019,8.8,Swim,60,61,,,10456,3393,3170,,,80,10
06/03/2019,6.1,"Run, Gym",80,69,90.3,,10974,3102,3280,,,80,5
07/03/2019,7.2,Swim,60,54,,,12598,3426,2920,,,75,4
08/03/2019,7.6,Gym,60,70,90.3,,11748,3456,2950,,,75,5
09/03/2019,6,"Run, Bike",82,75,,,4945,2226,1910,,,80,4
10/03/2019,7.1,,,0,,,6064,2103,1690,,,80,6
11/03/2019,6.4,"Swim, Run",60,77,,,13362,3555,3080,,,80,5
12/03/2019,6.8,Swim,60,62,,,13536,3558,3060,,,80,3
13/03/2019,6.9,Gym,60,71,90.2,,13236,3573,3240,,,80,4
14/03/2019,8.5,"Swim, Run",60,72,,,13770,3912,3600,,,80,9
15/03/2019,7.6,Run,20,30,,,10713,3279,3350,,,75,8
16/03/2019,8.1,Bike,179,196,,,6368,4883,4420,,,175,8
17/03/2019,6.7,,,0,,,3194,2617,1480,,,80,5
18/03/2019,7.3,"Swim, Gym",60,54,90.2,,13563,3582,3040,,,80,5
19/03/2019,8.4,"Swim, Run",60,54,,,12932,3660,3480,,,80,9
20/03/2019,7.8,,,0,,,3061,2767,1170,,,75,9
21/03/2019,7.2,"Swim, Run",60,60,90.1,,9083,2937,2380,,,70,2
22/03/2019,6.1,Run,88,83,,,14794,3768,3210,,,75,5
23/03/2019,6.1,"Run, Bike, Gym",110,75,,,4012,3103,2000,,,75,3
24/03/2019,8.1,,,0,,,5480,2172,2440,,,70,8
25/03/2019,7.3,"Swim, Run",60,63,,,11029,3255,3200,,,75,6
26/03/2019,7.8,"Swim, Gym",60,54,,,12923,3561,3550,,,75,8
27/03/2019,7.2,,,0,90.2,,3239,2704,1750,,,75,3
28/03/2019,7.7,"Swim, Run",60,60,,,12401,3513,3080,,,80,8
29/03/2019,6.5,,,0,,,4199,2740,1440,,,80,5
30/03/2019,7.6,"Run, Bike",84,61,,,6637,2634,2500,,,75,7
31/03/2019,6.4,Run,85,91,,,13601,3684,3590,,,80,4
01/04/2019,6.4,"Swim, Run",60,73,90.2,,8324,2775,2910,,,75,5
02/04/2019,7.5,"Swim, Run",60,72,,,11413,3396,3140,,,75,5
03/04/2019,7.7,Run,20,25,,,11640,3417,2900,,,80,8
04/04/2019,7.9,"Swim, Gym",60,67,,,11554,3450,3140,,,80,9
05/04/2019,6.1,,,0,90.2,,4415,2704,1470,,,75,4
06/04/2019,8.7,Bike,149,199,,,3767,4601,3620,,,180,9
07/04/2019,8.3,"Run, Gym",99,95,,,8304,3192,2790,,,80,8
08/04/2019,7.5,"Swim, Run, Gym",60,62,,,13928,3714,3240,,,75,6
09/04/2019,6.6,"Swim, Run",60,69,,,13802,3609,3380,,,80,8
10/04/2019,6.1,Gym,60,54,90.2,,10237,2913,2860,,,80,3
11/04/2019,7.1,"Swim, Run",60,73,,,12415,3504,3630,,,80,10
12/04/2019,8.1,Run,60,91,,,9402,3306,2720,,,80,8
13/04/2019,6.6,"Run, Bike",101,78,,,4212,2223,2000,,,75,7
14/04/2019,6.8,Run,97,77,90,,11776,3375,3120,,,80,4
15/04/2019,6.5,"Swim, Run",60,60,,,13337,3468,3050,,,75,5
16/04/2019,7,"Swim, Gym",60,78,,,11694,3399,3130,,,70,7
17/04/2019,6.9,Run,72,73,,,10860,3234,3010,,,80,3
18/04/2019,6.5,"Swim, Run",60,65,89.8,,14978,3750,3410,,,75,5
19/04/2019,7.6,,,0,,,4857,2004,1530,,,70,8
20/04/2019,7.6,"Run, Bike",81,87,,,4848,2520,2810,,,80,5
21/04/2019,6.3,,,0,,,5792,2447,1880,,,80,4
22/04/2019,8.5,Swim,60,59,89.7,,13304,3753,3330,,,80,10
23/04/2019,6.3,"Swim, Run",60,67,,,13491,3510,3690,,,80,2
24/04/2019,6.6,"Run, Gym",117,62,,,12203,4318,3230,,,70,5
25/04/2019,7.7,Swim,60,78,,,12977,3696,3730,,,80,8
26/04/2019,6,Run,85,60,89.5,,8452,2661,2820,,,75,4
27/04/2019,7.6,"Bike, Gym",193,277,,,5335,5535,5950,,,150,9
28/04/2019,6.2,Run,72,93,,,8147,2844,,,,,
29/04/2019,7.2,"Swim, Run",60,55,,,11658,3291,,,,,
30/04/2019,7,Swim,60,80,89.3,,11708,3420,,,,,
01/05/2019,7.9,"Run, Gym",103,87,,,8549,4114,,,,,
02/05/2019,6.1,"Swim, Run",60,55,,,8596,2664,,,,,
03/05/2019,7.7,Run,20,19,,,10779,3420,,,,,
04/05/2019,7.7,"Run, Bike, Gym",65,80,,,6514,2742,,,,,
05/05/2019,8.9,Run,45,60,89,,8950,3315,,,,,
06/05/2019,7.8,"Swim, Run, Gym",60,78,89,,14470,3939,,,,,
07/05/2019,7.1,"Swim, Run, Gym",60,53,,,12729,3426,,,,,
08/05/2019,8.7,Run,45,45,,,8901,3327,,,,,
09/05/2019,8.5,Swim,60,61,,,10479,3339,,,,,
10/05/2019,7.3,,,0,88.8,,4541,2414,,,,,
11/05/2019,6.7,"Run, Bike, Gym",62,60,88.8,,5354,2292,,,,,
12/05/2019,6.3,,,0,,,5921,2459,,,,,
13/05/2019,8.3,"Swim, Run",60,50,,,14714,3888,,,,,
14/05/2019,6.2,"Swim, Run, Gym",60,55,,,10730,3006,2640,,,75,5
15/05/2019,8.1,Run,60,79,,,11964,3615,3590,,,70,7
16/05/2019,6.4,"Swim, Run",60,80,,,12518,3444,2940,,,80,3
17/05/2019,6.7,Gym,60,64,88.4,,11988,3324,3270,,,80,3
18/05/2019,6.5,"Run, Bike",93,82,,,3098,2058,1570,,,80,4
19/05/2019,8.6,"Run, Gym",103,84,,,9418,3342,3180,,,80,10
20/05/2019,6.6,"Swim, Run",60,77,,,12519,3453,3510,,,80,5
21/05/2019,7.2,Swim,60,53,,,10898,3168,2800,,,75,2
22/05/2019,8,,,0,88.2,,6438,2292,1960,,,75,9
23/05/2019,6.9,"Swim, Run",60,56,,,12956,3441,3490,,,70,3
24/05/2019,6.7,,,0,,,4951,2372,1650,,,75,5
25/05/2019,7.5,Bike,264,386,,,6621,5763,5750,,,180,4
26/05/2019,7.7,Gym,60,62,,,11250,3342,3450,,,75,8
27/05/2019,8.8,"Swim, Run",60,60,,,10535,3393,2790,,,70,10
28/05/2019,6.4,"Swim, Run",60,67,,,10631,3090,2800,,,75,4
29/05/2019,6.9,,,0,,,4897,2405,2150,,,75,5
30/05/2019,6.6,"Swim, Gym",60,56,87.7,,11439,3171,3170,,,80,3
31/05/2019,8.3,Gym,60,41,,,12902,3558,3700,,,80,8
01/06/2019,8.1,Bike,180,192,,,5916,5778,3910,,,125,9
02/06/2019,8.1,"Run, Gym",67,68,,,11110,3423,3650,,,70,8
03/06/2019,6.2,Swim,60,75,,,13833,3582,3050,,,75,5
04/06/2019,6.7,"Swim, Run",60,73,,,14806,3792,3560,,,75,4
05/06/2019,7.1,,,0,87.4,,5512,2019,1940,,,80,7
06/06/2019,8,Swim,60,69,,,10950,3390,3610,,,70,7
07/06/2019,6.5,,,0,,,5804,2471,1740,,,75,3
08/06/2019,7.8,"Run, Bike",74,92,87.3,,3273,2337,2360,,,80,7
09/06/2019,8.1,Gym,60,71,87.2,,10760,3387,2900,,,75,7
10/06/2019,6.1,Swim,60,74,,,11885,3276,2850,,,80,4
11/06/2019,8.2,Swim,60,56,,,12674,3597,3300,,,80,8
12/06/2019,8.9,,,0,87.1,,3353,2474,1500,,,80,10
13/06/2019,9,"Swim, Run",60,52,,,13434,3804,3450,,,70,10
14/06/2019,8,Run,32,81,,,8140,3033,3100,,,75,7
15/06/2019,6,"Run, Bike",65,98,,,5912,2505,2280,,,160,3
16/06/2019,6.8,Gym,60,42,86.9,,10825,3021,2760,,,75,5
17/06/2019,7.8,"Swim, Run",60,50,,,12227,3426,3290,,,75,7
18/06/2019,8.2,Swim,60,68,,,10148,3288,3320,,,80,5
19/06/2019,,,,0,,,,,,,,70,
20/06/2019,7.1,"Swim, Run",60,60,,,9694,3006,2570,,,80,8
21/06/2019,7,,,0,86.7,,5112,2450,1360,,,80,7
22/06/2019,6.7,"Run, Bike",120,83,,,5357,3436,2690,,,80,5
23/06/2019,8.3,Run,60,76,,,10840,3459,3710,,,80,6
24/06/2019,7.8,"Swim, Run",60,53,86.6,,13884,3705,3490,,,80,9
25/06/2019,6.8,"Swim, Run",60,55,,,12671,3372,3530,,,75,4
26/06/2019,7.5,,,0,,,3588,2285,1990,,,75,8
27/06/2019,7.7,Swim,60,56,86.5,,10364,3177,2730,,,75,9
28/06/2019,6,Run,95,72,86.4,,10467,3036,2750,,,80,5
29/06/2019,6.1,"Run, Bike",78,79,,,5657,2367,2090,,,75,4
30/06/2019,7.5,,,0,,,5942,2151,2220,,,75,7
01/07/2019,8.4,Swim,60,79,,,11596,3600,3390,,,75,9
02/07/2019,6.7,Swim,60,54,86.2,,13116,3420,3060,,,75,3
03/07/2019,6.8,,,0,,,3663,2695,1260,,,75,4
04/07/2019,7.3,"Swim, Run, Gym",60,74,,,8439,2928,3070,,,80,6
05/07/2019,6.2,"Run, Gym",76,74,86.1,,10805,3120,3350,,,80,5
06/07/2019,6.1,Bike,240,254,,,3295,5857,5090,,,140,3
07/07/2019,7.3,Run,42,32,,,10815,3336,2780,,,80,7
08/07/2019,7.2,"Swim, Gym",60,54,85.9,,11160,3198,2810,,,75,7
09/07/2019,7.6,"Swim, Run",60,70,,,9911,3174,3090,,,80,9
10/07/2019,8.9,Run,45,72,,,10246,3552,3320,,,75,10
11/07/2019,8.1,Swim,60,51,,,11127,3321,2740,,,75,7
12/07/2019,6.6,,,0,,,5966,2004,1450,,,75,7
13/07/2019,8.4,"Run, Bike",73,63,85.8,,3078,2226,1950,,,75,10
14/07/2019,7.1,Run,98,79,,,10162,3186,3400,,,75,6
15/07/2019,7.9,"Swim, Run",60,72,,,11910,3531,3650,,,80,8
16/07/2019,8.4,"Swim, Run",60,80,,,9410,3279,2940,,,80,10
17/07/2019,8.2,,,0,,,3662,2411,2200,,,75,5
18/07/2019,6,"Swim, Run",60,77,,,14733,3702,3600,,,80,4
19/07/2019,7.6,"Run, Gym",87,93,85.8,,12053,3630,3280,,,75,8
20/07/2019,8,"Run, Bike",119,61,,,4241,3328,2250,,,80,9
21/07/2019,7.3,,,0,,,6865,2253,1840,,,80,6
22/07/2019,7.3,"Swim, Run",60,72,,,10893,3279,,,,,
23/07/2019,7.8,"Swim, Gym",60,77,,,11738,3522,3370,,,75,7
24/07/2019,8.9,,,0,,,3132,2432,1930,,,75,10
25/07/2019,7.9,"Swim, Run",60,74,85.8,,10377,3306,3100,,,80,7
26/07/2019,8.4,"Run, Gym",64,73,85.8,,8786,3141,3120,,,75,10
27/07/2019,7.8,Bike,218,286,,,6522,5787,6220,,,175,8
28/07/2019,6.8,Run,115,88,,,14545,4852,4090,,,75,6
29/07/2019,6.9,"Swim, Gym",60,56,,,8386,2763,3010,,,75,7
30/07/2019,8.8,"Swim, Gym",60,68,,,9900,3342,2890,,,70,8
31/07/2019,7.9,,,0,85.8,,5416,2118,2370,,,75,8
01/08/2019,7.3,"Swim, Gym",60,74,,,14081,3780,3830,,,75,8
02/08/2019,6.4,,,0,,,4081,2692,1940,,,75,2
03/08/2019,8.2,Bike,120,71,,,5513,3616,2880,,,80,8
04/08/2019,7.1,Run,112,90,,,12782,4654,3770,,,75,8
05/08/2019,6.8,Swim,60,80,85.8,,10751,3234,2900,,,80,6
06/08/2019,6.2,Swim,60,79,,,11332,3222,2730,,,80,3
07/08/2019,7.9,Run,30,92,85.8,,13129,3837,3370,,,75,10
08/08/2019,7,Swim,60,74,,,10099,3141,2850,,,75,8
09/08/2019,8,Gym,60,78,,,10105,3315,2920,,,80,8
10/08/2019,7.5,"Run, Bike",98,83,,,5627,2595,2750,,,80,6
11/08/2019,7.9,"Run, Gym",97,92,,,10138,3381,3220,,,80,9
12/08/2019,8.9,Swim,60,65,,,10780,3471,3500,,,75,10
13/08/2019,7.5,Swim,60,59,85.8,,12156,3429,2900,,,80,8
14/08/2019,8.1,Run,32,73,,,9350,3177,3040,,,75,6
15/08/2019,7.3,"Swim, Run",60,50,,,8491,2793,2870,,,70,7
16/08/2019,6.7,,,0,,,6089,2049,2270,,,75,7
17/08/2019,8.1,Bike,197,277,,,6523,5778,5480,,,115,8
18/08/2019,7.3,Run,42,36,,,13438,3651,3600,,,75,8
19/08/2019,6.8,"Swim, Run",60,52,,,8905,2799,2210,,,75,6
20/08/2019,8.3,"Swim, Gym",60,70,,,10617,3381,3680,,,75,8
21/08/2019,8.1,,,0,,,6323,2289,1850,,,75,5
22/08/2019,6.2,Gym,60,63,85.9,,8510,2712,2940,,,80,4
23/08/2019,6.9,Run,85,66,,,13384,3561,3180,,,80,8
24/08/2019,8.1,"Run, Bike",90,71,,,4423,2427,2110,,,80,5
25/08/2019,7.3,Run,42,34,,,12298,3552,3260,,,75,6
26/08/2019,8.7,Swim,60,50,,,13734,3792,3810,,,75,9
27/08/2019,6.9,Swim,60,77,85.9,,11895,3414,3270,,,80,7
28/08/2019,6.6,Run,89,67,85.9,,12211,3345,3100,,,75,6
29/08/2019,8.7,Swim,60,65,,,13917,3915,3600,,,80,10
30/08/2019,6.4,,,0,,,3768,2644,1640,,,80,5
31/08/2019,7.2,Bike,237,216,,,4104,5523,5920,,,105,6
01/09/2019,8.1,Run,60,69,,,13479,3780,3430,,,75,8
02/09/2019,7.8,Swim,60,59,,,10378,3207,3100,,,75,8
03/09/2019,7.1,"Swim, Run",60,67,86,,9590,3033,2980,,,75,7
04/09/2019,8.4,Run,60,63,86,,14488,3939,4200,,,75,10
05/09/2019,6.3,"Swim, Gym",60,52,,,13292,3381,3180,,,75,4
06/09/2019,7.6,,,0,,,3460,2291,1980,,,75,5
07/09/2019,6.5,"Run, Bike",70,91,,,5199,2430,2050,,,80,7
08/09/2019,6.4,"Run, Gym",81,95,,,14006,3750,3980,,,75,3
09/09/2019,7.2,Swim,60,70,,,13354,3624,3510,,,75,6
10/09/2019,7.4,Swim,60,67,,,13098,3603,3260,,,70,8
11/09/2019,6.4,Gym,60,40,86.1,,12248,3168,3250,,,75,3
12/09/2019,7.9,"Swim, Run",60,53,,,12678,3537,3470,,,75,10
13/09/2019,7.2,Run,36,42,86.1,,8200,3021,3250,,,80,10
14/09/2019,8.8,Bike,196,249,,,4668,5039,6210,,,135,9
15/09/2019,6.2,Run,113,92,,,11143,4279,3470,,,75,4
16/09/2019,6.4,"Swim, Run",60,57,,,10169,2952,2680,,,80,5
17/09/2019,7.9,"Swim, Run",60,64,,,8872,3027,2700,,,80,8
18/09/2019,6.6,,,0,,,5139,2390,1450,,,75,6
19/09/2019,7.4,"Swim, Gym",60,72,86,,11248,3357,3410,,,75,8
20/09/2019,6.8,,,0,,,4124,2761,1610,,,80,7
21/09/2019,6.1,"Run, Bike, Gym",117,77,,,4721,3211,1630,,,80,4
22/09/2019,8.4,,,0,,,4437,2046,2000,,,75,8
23/09/2019,6.4,"Swim, Run",60,58,,,12300,3276,3050,,,80,4
24/09/2019,8.3,"Swim, Run",60,50,,,12518,3552,3730,,,80,8
25/09/2019,6.5,Run,65,82,,,12770,3504,3080,,,80,7
26/09/2019,8.6,Swim,60,64,,,12399,3663,3260,,,80,9
27/09/2019,8.4,"Run, Gym",94,62,,,13404,3774,3890,,,75,10
28/09/2019,8.3,Bike,115,65,,,5090,3523,,,,,
29/09/2019,8.1,Gym,60,47,,,13086,3585,3450,,,75,6
30/09/2019,6.5,Swim,60,76,,,13271,3546,3710,,,75,7
01/10/2019,7.7,"Swim, Run",60,63,,,13049,3621,3550,,,75,8
02/10/2019,6.6,"Run, Gym",101,100,,,12934,3657,3480,,,120,7
03/10/2019,6.3,Swim,60,61,,,10415,3006,2870,,,75,4
04/10/2019,8.2,Run,60,70,,,12898,3705,3510,,,75,8
05/10/2019,8.1,"Run, Bike",100,77,,,5826,2685,2910,,,80,8
06/10/2019,8.8,,,0,,,3750,2013,1600,,,80,10
07/10/2019,7.7,"Swim, Run",60,79,,,13680,3807,3710,,,75,9
08/10/2019,9,Swim,60,80,,,11749,3714,3990,,,80,10
09/10/2019,6.3,,,0,,,5098,2342,2070,,,80,4
10/10/2019,8.5,"Swim, Run",60,59,,,11036,3405,3240,,,80,10
11/10/2019,8.5,Run,45,66,86.1,,12014,3600,3720,,,75,10
12/10/2019,7.9,"Bike, Gym",120,66,,,3399,3217,2160,,,80,6
13/10/2019,6.3,Gym,60,80,,,13872,3630,3390,,,80,4
14/10/2019,7.8,"Swim, Run",60,60,,,9609,3105,2970,,,75,7
15/10/2019,8,Swim,60,51,,,12488,3498,3550,,,80,9
16/10/2019,7.5,Run,20,19,,,9006,3042,2700,,,75,7
17/10/2019,8.8,"Swim, Gym",60,50,,,10185,3273,3370,,,75,10
18/10/2019,6,Gym,60,62,,,10594,2988,3210,,,80,4
19/10/2019,7,"Run, Bike, Gym",86,63,,,4344,2202,2000,,,75,7
20/10/2019,6.2,,,0,86.5,,6497,2031,2170,,,80,5
21/10/2019,7.5,"Swim, Run",60,50,86.5,,13950,3642,3050,,,75,8
22/10/2019,6.7,"Swim, Run",60,66,,,13581,3558,3150,,,75,7
23/10/2019,7.1,Run,90,104,,,14744,3798,3200,,,120,8
24/10/2019,7.6,"Swim, Run",60,74,,,14294,3864,3920,,,80,5
25/10/2019,9,Gym,60,78,,,12922,3885,3540,,,80,9
26/10/2019,8,"Run, Bike",62,97,,,6966,2952,2680,,,165,8
27/10/2019,6.4,Run,111,73,,,8952,3868,2550,,,80,2
28/10/2019,7.9,"Swim, Run",60,77,,,11276,3468,3670,,,75,7
29/10/2019,7.4,"Swim, Run",60,50,,,10773,3150,3060,,,80,5
30/10/2019,6.2,Run,112,68,87,,12198,4294,3580,,,80,5
31/10/2019,6.9,Swim,60,62,,,12924,3471,3040,,,75,6
01/11/2019,6.1,Run,93,93,,,11121,3267,2980,,,80,2
02/11/2019,,Bike,231,221,,,,,,,,135,
03/11/2019,,,,0,,,,,,,,75,
04/11/2019,,Swim,60,54,,,,,,,,75,
05/11/2019,6.1,"Swim, Run",60,57,,,13859,3459,3860,,,80,2
06/11/2019,9,,,0,,,3188,2450,3380,,,80,9
07/11/2019,7.2,"Swim, Run",60,61,,,12058,3387,3100,,,75,6
08/11/2019,7.4,Run,42,42,87.4,,11031,3369,3650,,,75,9
09/11/2019,8.9,Bike,115,130,87.5,,5231,4030,2890,,,150,10
10/11/2019,7.8,,,0,,,4628,2498,1890,,,70,9
11/11/2019,6.5,"Swim, Run",60,52,,,9176,2790,2780,,,80,7
12/11/2019,7.1,Swim,60,63,,,11988,3375,2850,,,80,8
13/11/2019,7.2,Run,36,30,,,10489,3294,3570,,,80,7
14/11/2019,8.3,Swim,60,65,87.8,,12349,3609,3400,,,80,10
15/11/2019,6.3,,,0,,,3686,2623,3670,,,75,3
16/11/2019,7,"Bike, Gym",174,184,,,6806,4706,3730,,,115,8
17/11/2019,8.5,,,0,,,4736,2115,3780,,,80,10
18/11/2019,8.2,"Swim, Run",60,76,,,9279,3201,3300,,,80,8
19/11/2019,6.9,"Swim, Gym",60,77,,,11270,3315,3290,,,70,6
20/11/2019,6.7,Run,104,84,88,,9237,4030,3100,,,80,7
21/11/2019,8.9,"Swim, Run",60,79,,,11610,3684,3630,,,75,10
22/11/2019,8.9,"Run, Gym",120,81,,,14356,5098,3670,,,80,8
23/11/2019,7.5,"Run, Bike",94,85,,,6854,2799,2290,,,75,8
24/11/2019,7.2,,,0,,,3651,2755,2000,,,75,7
25/11/2019,8.2,"Swim, Run",60,57,88.3,,12567,3582,2980,,,75,8
26/11/2019,8.1,"Swim, Gym",60,77,88.4,,11958,3606,3870,,,80,7
27/11/2019,6.3,"Run, Gym",61,84,,,8163,2796,2280,,,70,4
28/11/2019,6.2,Swim,60,56,,,13274,3390,3540,,,70,5
29/11/2019,8.8,Run,45,58,,,12282,3888,3520,,,80,10
30/11/2019,7.4,Bike,236,298,,,4722,5532,5860,,,175,8
01/12/2019,8.5,Gym,60,73,88.6,,10981,3495,3740,,,75,10
02/12/2019,6.5,"Swim, Run",60,54,,,8649,2727,2160,,,80,6
03/12/2019,8.9,Swim,60,60,,,11985,3621,3250,,,75,10
04/12/2019,8.6,Run,45,54,,,12650,3678,3330,,,75,8
05/12/2019,7.8,"Swim, Gym",60,68,,,12663,3615,3820,,,80,7
06/12/2019,7.9,"Run, Gym",78,97,,,12073,3711,3700,,,145,8
07/12/2019,7.4,"Run, Bike, Gym",115,83,89,,5055,3490,2030,,,75,8
08/12/2019,8.9,Run,45,51,,,12546,3837,3650,,,75,10
09/12/2019,8.2,Swim,60,56,,,10852,3321,,,,,
10/12/2019,8,"Swim, Run",60,64,,,10296,3255,,,,,
11/12/2019,7.7,Run,20,32,89.2,,14685,3915,,,,,
12/12/2019,6.2,Swim,60,68,,,10847,3099,,,,,
13/12/2019,8.8,Run,45,90,,,13933,3924,3890,,,75,9
14/12/2019,6.5,Bike,120,97,,,3610,3232,2040,,,130,7
15/12/2019,8.4,Run,60,100,,,12310,3837,3360,,,135,9
16/12/2019,6.4,"Swim, Run",60,74,,,11511,3261,3320,,,80,4
17/12/2019,6.5,Swim,60,76,,,12479,3438,2990,,,75,6
18/12/2019,6.5,Run,96,96,,,11807,3456,3570,,,130,8
19/12/2019,8.9,Swim,60,65,,,11653,3609,3600,,,80,10
20/12/2019,8,"Run, Gym",63,74,,,10075,3285,2760,,,75,7
21/12/2019,8.6,"Run, Bike",109,87,,,3071,3403,2310,,,75,10
22/12/2019,8.1,"Run, Gym",72,63,,,9542,3162,2760,,,75,4
23/12/2019,7.8,"Swim, Run",60,53,,,14830,3846,3650,,,75,9
24/12/2019,7.2,Swim,60,55,,,13154,3513,3600,,,70,8
25/12/2019,6.9,,,0,,,3493,2692,2940,,,75,7
26/12/2019,7.6,"Swim, Gym",60,77,,,12407,3603,3560,,,75,5
27/12/2019,7.6,Run,20,30,90.1,,10192,3297,2710,,,70,8
28/12/2019,8.3,"Run, Bike",70,70,90.1,,3953,2385,2170,,,75,7
29/12/2019,8.7,Run,45,63,,,14745,4230,4300,,,75,9
30/12/2019,7,"Swim, Run",60,55,,,10027,3009,2810,,,80,8
31/12/2019,7.5,"Swim, Run",60,76,,,12946,3663,3860,,,80,8
01/01/2020,6.5,,,0,,,6306,2058,1530,,,80,6
02/01/2020,8.5,"Swim, Gym",60,56,90.4,,13786,3807,3200,,,75,8
03/01/2020,7.5,Run,42,30,,,12597,3747,3510,,,80,6
04/01/2020,6.5,Bike,236,243,,,6281,5910,5670,,,145,7
05/01/2020,8.7,,,0,,,4434,2106,1600,,,80,9
06/01/2020,6,"Swim, Run",60,51,,,14211,3477,3120,,,80,5
07/01/2020,8,"Swim, Run",60,55,,,14316,3810,3850,,,75,8
08/01/2020,7.1,,,0,90.7,,3145,2665,1310,,,75,6
09/01/2020,8.7,"Swim, Run",60,70,,,9144,3231,2990,,,80,8
10/01/2020,8.6,"Run, Gym",107,75,,,13013,4828,3840,,,75,10
11/01/2020,6,"Run, Bike, Gym",75,93,,,5300,2394,2420,,,75,4
12/01/2020,8.9,"Swim, Run",60,48,,,12887,3684,3630,,,75,10
13/01/2020,7.1,Swim,60,72,,,12027,3438,3310,,,80,8
14/01/2020,7.2,Swim,60,66,,,12701,3522,3050,,,80,7
15/01/2020,7.9,,,0,,,5544,2154,1660,,,80,9
16/01/2020,7,Swim,60,52,,,8980,2838,2370,,,80,10
17/01/2020,8.7,,,0,90.7,,5000,2181,1900,,,80,9
18/01/2020,7.8,"Run, Bike",107,96,,,4404,3544,2490,,,180,9
19/01/2020,6.2,"Run, Gym",71,81,,,14290,3690,3960,,,80,5
20/01/2020,7,"Swim, Run",60,60,,,10770,3159,2660,,,80,8
21/01/2020,7.5,"Swim, Gym",60,59,,,11260,3306,3230,,,80,6
22/01/2020,7.3,Run,36,48,,,12113,3489,3600,,,80,5
23/01/2020,7.1,"Swim, Run",60,71,,,11061,3291,2800,,,80,8
24/01/2020,6.1,Run,109,86,,,12040,4366,,,,,
25/01/2020,7.2,Bike,180,170,90.6,,3224,5112,,,,,
26/01/2020,6.4,,,0,,,6065,2007,,,,,
27/01/2020,8.1,Swim,60,61,,,13894,3798,,,,,
28/01/2020,8.6,"Swim, Gym",60,63,,,13387,3804,,,,,
29/01/2020,6.6,"Swim, Run",77,81,,,11401,3324,,,,,
30/01/2020,7.6,"Swim, Gym",60,67,,,8265,2913,,,,,
31/01/2020,8.1,"Swim, Run",80,77,,,12852,3744,3310,,,75,8
01/02/2020,8.4,"Bike, Gym",110,120,,,5530,3940,3070,,,135,9
02/02/2020,8.3,,,0,,,3961,2477,2180,,,80,8
03/02/2020,6.4,"Swim, Gym",60,52,,,10064,2922,2940,,,75,5
04/02/2020,6.8,"Swim, Gym",60,51,,,12001,3261,3400,,,75,6
05/02/2020,8.6,Run,45,81,,,13371,3921,4170,,,80,10
06/02/2020,8.1,Swim,60,52,90.7,,13429,3678,3920,,,80,9
07/02/2020,8.1,Run,32,74,,,9533,3219,2850,,,80,5
08/02/2020,7.9,"Bike, Gym",149,130,,,5687,4958,4500,,,155,8
09/02/2020,8.1,,,0,,,3739,2405,1390,,,80,8
10/02/2020,7.7,"Swim, Run",60,68,,,13294,3699,3540,,,75,7
11/02/2020,6.2,"Swim, Gym",60,75,,,11594,3258,2900,,,75,4
12/02/2020,8.5,Run,60,86,90.8,,14114,4041,3820,,,70,10
13/02/2020,6.9,Swim,60,54,,,12351,3351,3180,,,80,8
14/02/2020,7.9,Gym,60,66,,,10535,3291,2990,,,75,8
15/02/2020,8.7,Bike,235,208,,,6272,5030,6270,,,100,9
16/02/2020,8.9,Gym,60,68,,,12248,3717,3480,,,80,10
17/02/2020,6.1,"Swim, Run",60,53,,,11332,3066,2520,,,75,4
18/02/2020,8.2,Swim,60,65,90.7,,11026,3402,2850,,,80,10
19/02/2020,8.3,Run,60,96,,,13600,3990,3420,,,125,9
20/02/2020,8.3,Swim,60,50,90.7,,10761,3288,2710,,,80,8
21/02/2020,6.6,Run,99,90,90.6,,9591,3108,3320,,,70,7
22/02/2020,6.4,"Run, Bike",85,91,,,6808,2658,2640,,,80,4
23/02/2020,7.7,"Run, Gym",74,100,,,10413,3450,3650,,,145,8
24/02/2020,8.9,"Swim, Run",60,66,,,8448,3138,2790,,,70,10
25/02/2020,6.1,"Swim, Run",60,57,,,9839,2871,2790,,,75,5
26/02/2020,7.7,"Run, Gym",92,68,,,9406,3105,3160,,,75,8
27/02/2020,8.5,Swim,60,62,90.6,,10037,3282,3050,,,80,8
28/02/2020,7.2,,,0,,,4112,2333,2100,,,75,7
29/02/2020,6.2,"Run, Bike, Gym",109,62,,,6151,3364,2090,,,75,4
01/03/2020,6.1,Run,107,79,,,13044,4483,3680,,,80,3
02/03/2020,6.9,"Swim, Run",60,63,,,9787,3018,2840,,,80,8
03/03/2020,6.2,"Swim, Run",60,70,,,14692,3693,3760,,,75,2
04/03/2020,7.8,,,0,90.7,,3457,2321,1560,,,70,8
05/03/2020,8.4,"Swim, Gym",60,58,90.7,,10832,3369,3500,,,80,10
06/03/2020,8.8,,,0,,,4553,2142,1980,,,80,10
07/03/2020,8.2,Bike,120,114,,,3984,3643,2810,,,115,5
08/03/2020,6.7,Run,81,61,,,10254,3048,,,,,
09/03/2020,7.8,"Swim, Run",60,63,,,9543,3114,2970,,,75,8
10/03/2020,6.2,"Swim, Gym",60,52,,,13145,3339,2770,,,80,5
11/03/2020,6.5,,,0,,,4992,2354,1850,,,75,7
12/03/2020,8.1,"Swim, Gym",60,72,,,13285,3774,3370,,,75,4
13/03/2020,7.1,Run,75,75,90.8,,13017,3600,3070,,,75,7
14/03/2020,8.5,Bike,167,176,90.6,,3856,4436,3480,,,125,8
15/03/2020,8.3,Gym,60,59,,,13685,3780,4060,,,80,9
16/03/2020,8,Swim,60,60,,,11490,3414,3250,,,75,10
17/03/2020,8.1,Swim,60,67,,,11011,3405,2870,,,75,8
18/03/2020,6.6,,,0,,,6475,2091,1790,,,80,6
19/03/2020,8.4,"Swim, Run",60,68,90.6,,11595,3543,3780,,,80,9
20/03/2020,7.6,,,0,,,4672,2468,1960,,,80,8
